Battery_Life,Display_Size,Price,Weight,Screen_Resolution,RAM,Processor_Speed,Storage,Sales
3.621780831931537,0.6019258149718271,1290.1542839271503,2.155075791133749,2.687505305880076,3.790135217113846,12.229528342753635,1588.006952904339,887
7.655000144869414,1.8520781806851447,454.5149711006608,1.967228761122804,2.24227508227377,12.717654507222052,15.58085786305618,1206.9494311003612,211
6.123957592679836,0.682283425582887,701.8075062567111,2.0386097872826796,1.9981819924086186,2.0001628865751258,13.21610019460783,3732.4033055540854,835
5.190609389379256,0.28900386469001965,1191.4663992936378,0.5220625288572944,1.3115572510843987,7.831921598752091,18.370460097703806,1401.2698511871522,825
2.0921304830970557,1.0201620503601418,492.75111536192156,1.332307996359523,2.4947178837089776,9.315142535198238,15.66552643421678,4188.308843433526,158
2.0919616423534184,0.07634948506766334,1280.7424619187557,1.4626883032706472,2.7966391764154745,2.764881880013612,15.74272144406488,717.933794316519,426
1.4065852851773961,-0.3179280125392066,1297.7288793713326,0.5383845536461134,2.488756049865521,15.62309428161266,13.83939728701608,823.09614352608,720
7.063233020424546,-0.19068866741444188,908.4538127792426,1.0196264174900684,0.6035997419403877,5.165754637495407,11.41591481582166,4705.139575707801,996
5.207805082202461,-0.19268998650134617,307.65666018848344,2.0205796462442702,2.063723151421836,6.258782074907932,11.253950122983909,3315.966987128521,768
5.956508044572319,-0.13543353557049356,644.1587216767205,0.7742194114579981,0.7176113773168317,6.255195171570382,14.386681153225581,4103.336871151735,290
1.1440914600706171,-0.1668147856414157,1039.695375132515,1.5706202629051833,1.1924966067675602,5.225833269642899,11.676523024777904,1725.698666949407,299
7.78936896513396,1.038099387527715,1476.4422274548808,0.930403744034475,0.7369068107998749,2.02063350920836,15.854775644321112,3328.00106031875,411
6.827098485602952,-0.06348779744205243,1057.5444188929853,0.5242415492877865,1.9887295417835917,12.210827117231949,18.04778404511726,2953.8003142541174,807
2.486373774747933,0.3296014799772717,611.5044936959276,0.982402915199083,2.1791568010329954,15.535836997189994,18.06331853214978,2994.333046559409,134
2.272774770449704,1.6522921837744282,1060.172838016434,2.4517475098201076,0.8633215675515817,5.140108765990631,16.27236328105786,3355.5226908966333,478
2.283831568974037,0.6375079366308936,947.4424702793107,2.1030742237659794,1.4828294310034527,11.282660685247913,12.689854651783449,2867.8842377373985,486
3.129695700716764,1.102138572450465,1235.0346287862212,2.419153288642067,1.6493439705977466,12.386548577422012,17.90397465087098,2202.2337803271303,857
4.673295021425665,-0.0864323091160884,428.2697859535231,1.475708087852725,1.448821950050108,13.877955307267346,18.088747482505667,1505.4482594314882,336
4.02361513049481,-0.038506354859190156,1212.4724550999315,0.719472397355007,0.878357501115944,7.916808758190528,12.57322867962367,3747.045055655069,715
3.0386039813862933,-0.40191532096045074,948.9786278326562,1.595918977947386,1.5635799174311933,6.241032678966009,16.89940868616542,1279.5395565144972,618
5.282970263056656,-0.09455584862680509,1454.6274126269345,1.4087546691199218,2.3277095099593614,6.554131876322436,13.292156391416984,3400.2120930025844,382
1.9764570245642927,0.16861681367670067,709.9047270803846,2.188714165479232,0.7633176284264875,11.97669866337918,17.421122498823436,1311.6643430544361,100
3.0450125397465273,-0.07517483773580766,1058.5136498676038,0.6961651615684892,0.7844140323883779,13.434912531078904,18.97790319922882,3095.252273292765,830
3.564532903055842,-0.28711391898306654,1417.501698506511,1.4764822740435564,1.4159739712227637,4.542595548592438,11.240208042635143,3649.2061154370817,563
4.192489889519251,-0.21047390935855806,422.90916386082444,0.8000973293879685,2.7659691367235273,7.193174114208713,18.178926926327456,1245.1481945247533,329
6.496231729751095,0.6058690432785419,1423.736956196505,1.14935185378012,2.1377170874627023,14.6271627544881,15.981044268789265,522.7420189189527,271
2.3977164751085183,-0.004799075826097995,1124.7749810386752,1.9747141547755993,2.160940900346899,13.29370927572635,18.78706095331857,845.930530623492,186
4.599641068895282,0.37424766651538105,381.3366338671011,1.452036258737533,1.4324159789270894,15.788017638674662,14.720076140211422,3007.286201083166,652
5.146901982034297,0.7082014500516565,660.8553167692327,1.2517765702915387,1.9654198197796382,12.55947563554913,17.77910344457099,4114.981148327097,222
1.325152889039984,1.1569475887104768,1149.0983342856925,1.2889525571400706,0.6233017232638097,7.504732814390912,11.499152548786217,454.73553662118087,942
5.252813963310069,-0.40565086438136255,380.75337116105726,1.4188935368119733,2.0630209067419467,10.268929675924928,13.682232400626365,3590.3882286394905,397
2.193668865811041,1.4185849573817022,998.0223817513516,2.0700330876741138,2.7005599794253445,11.254199559462485,11.53613230200968,1802.9998390727371,984
1.4553611508969566,1.0069609347781785,714.7137852865951,2.2841693778804686,2.008918977193084,3.098381428439735,18.802745067832564,2427.3040831338276,789
7.642198760773333,-0.30377832332270743,1044.477705803205,2.4106693730078566,2.6095067649725934,9.62295742745411,17.535791258174694,4476.3109517973235,674
7.7594242315219155,1.5965886978562653,354.8446985412029,2.07380677251059,2.2651380275720157,11.930491598616534,17.820379369967764,1760.4703465480968,583
6.658781436815228,1.7100937612763516,1344.9726305766992,1.1308137914960255,0.8772843577284876,4.342498256014846,18.503721851471155,2367.2830494246614,264
3.132296384213595,-0.353412896348327,1467.213274043699,1.8762694121730843,2.6756426067574357,12.9288440439578,11.680827888958284,312.25498716109905,798
1.683704798044687,0.1645063555532889,1461.6845484875441,1.3752062481107838,0.7528208420182821,10.172818927197563,14.084780740106666,621.2741760220146,482
5.789631185585098,1.4348830715033472,1198.8325462597668,1.0093412440921024,1.8281251868598565,15.331104999766325,11.568279112352016,1426.5917396632674,308
4.081067456177209,1.29582325692078,455.9734019166277,2.1817431588518454,0.9269153847249526,2.5939121748964835,12.686344812400229,376.7276957358885,838
1.8542676439134518,-0.057149553544694434,1209.1575719188982,0.57685269792465,0.6269252046810794,5.7145659257765375,12.83492621630138,3122.757733519542,531
4.466238370778891,0.002438376008104707,329.479712834103,2.3035239842708473,1.5706787982935697,10.421754310197537,14.75285768838063,2190.1125234473825,488
1.2407196478065288,0.38913304669931675,326.5261382832677,1.4229549292494683,1.2785936276045593,6.15183877088303,13.148497339629142,2744.0606724125,659
7.365242814551475,0.6628551644584512,688.0086527602999,1.7744029536165609,1.717801135734487,12.001938296997391,11.807824854542089,1044.6446958282995,323
2.8114598712001184,0.9838114516727102,885.8831852951943,1.8187078444115654,1.9275597394894668,12.626073955307033,12.339928712752862,1596.4907339366034,102
5.637655990477874,0.38539273496745374,1223.7184939515441,2.290235481413073,0.7005998663105789,3.435223496930642,12.178204508416727,3270.401360579899,471
3.1819775326258766,0.6100833187195549,1119.2711565511997,1.7733393643344146,0.8829075787846149,9.193962498894749,18.784614383298386,4642.1273925183195,786
4.640476148244676,1.2939302515210156,834.6373449457212,1.7278671695201235,1.8848775118359782,9.124467778274783,17.07434005534779,479.39631989005187,545
4.826971955402957,-0.41196031306256503,628.0783728717174,0.6333040811213799,1.3892849122971138,7.169930783017575,18.742091722156495,4301.248659891461,710
2.293981188678689,0.10584866642564979,1495.5522756890957,1.5368160438904082,2.27709902136373,15.060948075975409,14.51792389206327,2874.8094659659987,215
7.78709239435191,1.2120390061229258,810.9913813809316,0.8003380016340833,2.100270791761461,13.585088478225098,13.226947853301253,2815.834028738088,369
6.425929763527802,1.6484964104492783,841.2130421712809,1.9748675374429712,2.5448900348767856,11.760931346734914,17.386345577673495,2526.2673351953094,546
7.576492590949324,0.7280258610775987,496.18496160881136,1.524443841625349,2.192733501339218,12.000572900289965,13.610031344329174,565.7430908640345,467
7.263791452993542,0.7770723646367576,1252.9766489511653,1.8604555584167066,1.5888414779973405,8.464026013383668,13.395066989642785,658.939675399531,352
5.185299851677596,-0.24278717278453749,1131.724988712005,0.5833458012047685,2.1478232315071946,14.893923295352062,12.86004793766265,2984.1496257488416,416
7.453119645161818,0.5737896803762911,564.7027657337237,0.6695840320916064,1.2333767007874625,11.724335981545995,12.037431825793883,1801.3615000317902,514
1.6194475143634364,0.7782814394920555,398.7748736933954,1.9326467761253645,1.3045210471898891,12.20573486318143,13.051704488134128,4423.569702928447,194
2.3718800369340163,0.08192920872335116,1115.918663187581,0.6441686719973467,2.4146658678178246,14.063672653022834,13.842557987791102,2099.9869449855987,884
1.3165910223737665,0.1461837542785143,1084.7589459230812,0.6425134555305172,1.626764887723639,5.837002250790674,16.391953665165843,901.930637097017,991
3.2773123153428503,0.4054819914510943,627.6381728708529,0.5242169504697749,2.4362747831922107,13.298992654133842,11.500518737755613,3501.970692434264,123
3.720741027826374,-0.4518291253334567,1440.085411138242,2.41300279659896,2.4915714594370404,4.733368441390889,12.684055517322744,1584.7580675565948,727
2.8994432224172715,0.27298999739962787,481.1184122452994,1.975016718918014,2.5723933766209526,6.83478733142843,17.47218912233341,2640.8898984693137,762
6.801162564063505,0.007475216791707132,818.3694264500797,1.2065028170041283,2.708261042434777,6.698546359777798,12.175375388670165,3425.1391740485237,949
3.497273286855125,0.2859936452269951,1431.395488280951,1.0930711625753105,1.5912660071805813,15.699356557447969,13.741161172180172,4346.20170596942,149
2.9665415678116656,-0.2125708836337971,803.2530529944206,1.199406459491699,1.3333936821386192,13.991521132470975,17.91727137486512,3854.469936347626,601
4.798872582107739,1.6372654737757477,1065.5926112492386,2.049307062362364,1.9390571171664617,11.816378062263636,12.23940248914754,3327.442858820895,817
1.9864695748233385,0.9246218885297167,776.7156831573903,1.8227412221408288,1.4536965739065433,12.178794662615461,11.66189468494552,3342.3309798979035,597
6.615378865278277,1.129845565946775,628.7840276160554,0.8703911357349359,1.9824705836405356,9.869019121635995,14.876303960640087,4553.957130345993,434
1.5218545057583959,1.3940109726576118,1479.789199903834,0.8482186706681687,2.2228474840807966,15.259269339519268,13.419356090228291,1595.999643609239,178
7.908208556203621,0.6962612774297374,790.7914735717366,0.6967912994267946,2.183331542531915,8.947622540353061,15.507266915870833,255.0600285926527,681
6.405713385076602,-0.29139130859018314,1372.024945211282,1.8206054394026763,1.461471640146279,7.327247938178523,17.4304391238678,1487.393245261804,126
2.391009770739207,0.7890557003645147,575.7155724634123,2.028745324443472,0.9837784639071314,4.282494717042274,12.097187905221945,1241.4057773016852,370
1.0386548198652168,0.9084186832501099,555.5125401260749,1.030092856650008,1.5902174784630771,13.006879131654811,15.64559267643428,3261.3473622686915,661
6.708229999183839,1.289054738042392,337.32976537852915,0.5418899220618256,0.92796653138839,12.28221504905828,15.04407008311891,3133.3877789331573,903
5.94800140693332,0.5359829109512305,1081.348523625686,0.6643433349528547,2.647223180922759,7.380970539337889,12.152630288105597,2950.2492913064934,346
6.103050176286911,-0.19380727329064698,741.8630861247896,2.4357200696900607,1.395518159697072,2.352707795429211,15.99198788423186,323.9076666030143,875
6.39889242680162,0.1810621739169387,1336.3655415577248,1.0908895549548405,0.9552574186136447,13.74596258805215,13.189123342886173,3565.940147750446,690
1.5183125621386324,0.3713975113567242,867.378678123177,2.038446295676267,0.658529847783227,2.159851768357031,14.902674548352099,1722.0633768089865,486
3.509260099809908,1.0502013791958429,1460.8639200697514,1.7493271377085275,2.0853914884589138,11.851796914806712,11.658178594216494,3276.0047499801717,801
1.811083416675908,0.8698679312053885,522.4450933280423,1.2638792793057918,2.0648753301459095,15.5835995361648,14.676672457708985,2782.4318496847977,658
7.041723981129155,0.35463214215483096,1341.4791783787773,0.9113745243911102,1.3833895831369707,8.12725859407485,13.451707744342563,1809.4257106969776,460
5.363086887792905,1.8676365971031512,1231.1396264972984,0.7427728363188129,0.7649373443495973,5.289627669943338,17.579049689482837,862.3220153236903,965
3.3162861739685443,0.9538595664565291,1224.3352917282184,1.7300259360777333,1.5421464582590336,11.868194140607343,11.455829815978946,679.6059843551883,587
1.4449084520021653,0.06934430016638674,1312.8950905121483,2.0492675612755757,1.3158002386458052,13.439793988218192,14.34885819934664,4033.4084156606173,451
3.1768762520096354,-0.255722065711031,1212.4677651406557,1.7878085070822614,2.157377471390521,9.650024425089862,14.667451393051504,4428.7088164710885,800
3.2762832541872293,-0.13313806595760314,1050.838165636067,1.5606042664983166,1.9932922737411878,15.538493853586047,16.80004861039295,3206.535612777563,355
6.107243248366449,0.0902985481228195,457.3626083411827,0.5839024468632725,1.438565574854342,2.723362103211455,15.594300600721688,720.6252226151994,321
5.462902299486492,-0.1143647041770664,338.99888921001104,2.4369775551887676,1.1011528747864772,9.067138376263394,16.33769869755345,2079.223836841495,983
7.210489198034286,-0.052239142276866185,1404.0965695310085,2.097428383309149,2.8724827221578613,12.0583552625157,17.21639428521405,3566.6733604784654,852
4.305504476133645,0.184228404865233,1039.3637271103648,1.0856440734019295,1.644203728751064,14.076966596088505,17.89762378926551,3798.1850222458097,880
1.837159721568112,-0.08390337129258844,1255.0482118804355,2.4599406587177013,2.183030742294545,4.50957856670906,13.511003973779765,787.8947314244531,100
5.992713510560965,1.6522370191034204,877.3452994635476,1.7037631792726442,0.9232718254302298,13.20004874469154,15.304181642911225,250.13977074649,645
6.325495340318282,-0.30743901041205873,440.65251856591095,1.664845316414493,1.716856309216615,9.737899060059634,17.7208646275136,3490.223558756753,545
4.9289403829864735,0.7588273349686112,450.09776485085797,1.9961463588590642,0.6633344556997706,7.551751547859485,18.91560904772045,1872.5126007372355,178
6.396770259681927,0.4849523847751876,1121.9927793875368,2.123539576180275,1.7625467711940348,3.84401040010731,18.116154488350105,1407.890058863084,335
4.456569174550735,1.8577086805806553,815.9367679844557,1.8129572146630053,2.8172400363707153,14.114140624724774,13.971738100995015,308.68348754234074,433
4.659129805673959,-0.23110663479667437,540.4291473137038,0.7561914927324,1.4836754398673404,4.201824914516015,12.561332137749204,2708.3623007648234,988
3.9927871285098475,0.4548534377097799,889.4218615429828,1.1765350119889968,0.6896908289222966,6.337030028927389,14.915140299252709,4122.735846188217,448
1.1779338872086664,1.826729039860885,376.9865155530858,2.3561672806520995,0.6711983191144901,6.060637447474116,16.93313161468834,4607.223990540275,197
1.7552399889531312,1.5772171021455526,997.7837108953642,0.9492312236877039,1.4923695478777996,14.19979647867196,14.94055256602638,2824.139525290466,181
1.2200042998071399,1.4609729702782717,622.5230919176821,1.2443340476750266,0.9680573538653463,11.417841918924573,14.865446906509348,2590.7990412165186,601
5.454872878846463,0.11896678490785557,1256.2733616639887,1.364153765888392,0.6537098215548276,13.153539560679212,17.705843368654406,637.006553976047,576
3.2004918675342866,-0.08986979026384205,672.1239887493649,1.3788099793889044,2.3392913120854066,5.5065505830949855,13.891230232537492,2747.371247018829,803
4.559994838152919,1.1047437278186343,845.8089587490796,1.725879164989051,1.6546029204283486,10.748237394497984,17.878357398493165,1978.9048092925455,864
7.352965317482651,1.7305023739062058,313.9330273498127,2.3861516754894154,1.2652629755371054,10.004443764012482,14.254438407613788,3012.465528020275,649
2.7450456040421245,0.8362309432334314,386.8638184656761,0.9813854236650099,2.6701913209379056,13.659625275035795,13.625864845426715,2018.7048828382874,113
3.8726804612494083,0.8718704547277596,770.599774131615,0.7430027526018361,0.8671196084612088,14.685218846737648,14.631919289597592,1343.3610116991688,491
6.288857969801341,0.171949824784682,875.4466628258311,0.8949409797198746,2.798613306597234,2.170194800683415,17.09957566939895,682.0920022891131,446
2.6015871584413572,1.3467830396606484,1019.4246371950452,2.273849800418539,1.3221234499679113,11.436278866823097,12.008016222911955,1682.8789228794756,409
1.538859368801551,-0.05109500346194393,649.7034318724545,1.791621625310412,2.6433284463099667,2.725701187676206,12.571353726976138,689.7339960092729,485
3.028260170396376,0.2768301673701848,1133.2832814657245,1.0718135784783203,1.9867686159027613,9.684021311082983,18.611558605304737,1054.881126249127,308
2.128549010778031,0.5210474526794002,1331.2867542298563,2.1318938779372347,2.501426927405421,6.026858206611495,12.403933019050859,4742.379521536934,456
7.507883566398012,0.718264908842692,1235.0413356831264,2.222739992726872,2.8632302753840677,6.294872393309976,15.541818543448436,2270.6711839251147,700
6.656842656950919,0.08178335779619254,347.50297159268024,2.193028677380556,1.2633325069831152,6.9414190483329925,15.634515733295503,2670.0165375978254,667
5.433826295572964,-0.22439162062591153,876.1278297621369,2.337853067279109,2.8106116164374635,10.698094286694541,14.916995696401958,4224.96430575433,193
7.1002241313140235,0.9654881018599182,425.81128392339167,1.0044820403467232,1.4958083582755668,6.676699519362769,16.15796198861455,4779.838497232629,192
6.625704538293801,0.19271332777661382,590.2119740191704,2.010083857492557,1.4866773808949212,12.257786708263925,12.838613806380948,2901.350744518301,439
2.305990412202251,0.8949717314142694,1483.0084493273087,1.42107899454828,1.382890339785363,7.663383398034176,15.421298142213985,3946.755885750981,696
7.247912989429844,-0.12952948334191447,470.85215593891434,2.183997105780123,1.8452374968994458,2.956944804339421,13.977386041975176,1737.5816607318725,544
4.775395693409555,0.6547362444515619,898.166895988176,1.9569813543232264,0.9545335993105203,12.972637794777501,16.29333807703351,1641.1350063851746,856
6.652081086148438,0.778214638123806,1041.1687254474248,2.0528948929994493,1.8735364163234256,6.000616544297884,12.129788346985196,2082.3019305252487,121
7.2726390994644525,-0.3756235116261754,1142.2554996823806,1.812323675362143,1.8459210685430092,8.058736314389677,15.567019334715809,3309.9080451651034,390
3.2260243248030473,0.30785026766540935,971.01877150081,0.8548575389394137,2.3523741689912008,11.596214365106622,12.48216284306659,3353.9721861106996,584
1.7703634716937373,-0.17740477534646182,311.7152460556012,1.5900538377938767,2.5173949124564468,6.6543862000819685,13.229144504920292,1684.3394276550011,883
2.595546137793592,-0.3479000708653574,691.4271085845463,2.469339479049016,1.613015105718575,2.7921991860540185,12.749678402588666,856.1051548216606,405
3.9897545203837943,1.8759045577358684,920.736260418269,2.3747761329942376,1.2953664735084356,7.234894658179391,12.462702238950538,3127.402966918064,733
6.726103361457452,0.2736492279393351,405.3519324746552,0.5863474715940233,1.1964702638293172,15.222280157720249,17.605687612485337,833.8826729588785,227
7.0251140827944045,1.4436986700511236,720.4016905198077,0.8296296314588743,1.0476348244212055,10.984281562179815,13.285660541287122,2882.1409124434517,724
1.0486649137183348,0.11113757143303322,339.8105274408485,0.7634575469091238,0.7325894390577572,11.400708081340897,18.416990254915596,3405.070682656206,372
4.57523111804296,1.1356065333374301,394.21561808886986,1.951959819970591,1.3876303513198407,10.851950150926958,18.759412202761528,3437.782308594755,947
3.921877022041453,1.3245468637352475,775.9110081657137,2.13557065971389,1.2215696919008014,4.785889945432115,15.570083759496779,3678.2981035011653,541
2.5547546732951116,0.9295329774588262,459.1261890976294,0.9270227326213438,2.822759987492737,7.856674097431922,12.144008981325811,4221.510368123773,602
1.8390575713357795,0.63178285252038,980.4814770656083,1.511705385903658,1.8827303003751008,12.513157177086455,13.99638594703665,2524.8134134397874,229
3.363306199825396,0.48841819395344443,1126.6684979955817,2.1814060560224,1.3987371897701673,3.419220565744228,17.381858106785714,3572.6338123595488,231
7.600367927387634,0.3372838397031887,1259.9034522317904,1.9656030895325012,1.9350754822855007,5.889938865255972,13.939125829576565,3067.2359459145573,696
3.262420524145287,1.7308699461947818,539.9801428495273,1.5844744109836966,0.9201524130950997,5.868467518521951,11.696137746422309,1099.2117260794557,581
4.631534352203563,1.4934865786905498,500.8116161286246,1.6806953809175458,1.6213006231650666,8.048264986323083,15.454279287425503,366.88788415580717,961
5.921132712266245,1.81606458559963,425.3768405609459,1.51672109383256,2.040338939268447,15.72516237319059,17.760966811968277,1544.6633048300487,489
3.545407216655058,-0.20168666363469268,1063.0798692028204,1.0950969026376411,1.724465013122638,2.945035653573507,17.36741109714802,2265.8033638361685,692
7.8024745790467245,1.2540819404887462,1147.0643960577945,1.6300439857180322,1.5240912415049457,9.261813921328331,12.400985121042826,3057.832047150386,424
7.737131064594779,1.7520170963704906,337.8717876459448,1.8777706041001814,2.8858512944693056,4.5111055481709466,16.382116915299733,4117.314953789584,168
2.762476070777549,-0.06504064120241565,1422.5184832461841,2.246645831721615,2.624723952942532,15.589471635736418,12.764034107485177,1142.9180110130537,759
4.480739541246698,-0.340408958319734,362.3135690981154,1.7725827079584962,2.033833703766712,3.586249066184499,12.745660276417379,821.2515440380707,547
3.1061481687173877,1.2786895582961417,949.0143060259835,2.022243074086316,1.9095679307192504,7.650414033062278,17.99257418644148,4633.83376100819,627
2.993883460642273,0.8787354716317886,1150.1635628216488,0.820143269909146,2.027519103596543,12.330389787684487,12.99735162192184,741.6027451626524,918
1.2582086314817296,1.5203890642198528,1344.2919793715566,1.4231149488395798,1.0630178479915964,11.863761992384234,13.10597877214409,2427.134368987711,716
5.266950337859278,-0.16454629609690521,1156.190231626781,0.5186632396541866,1.5088168095079326,7.918200916515051,11.005227126090396,2914.3149660095237,264
4.518753162602031,1.4086415484637365,1261.2719716006804,0.993357729043246,0.6907569256490684,6.851338351338056,17.965352273004143,2713.253615128844,587
1.3603512587499256,-0.01609443188541315,707.0007808588244,1.9529234302260097,1.6937558862197013,7.566573299740188,17.34075850567308,641.4463144998915,812
2.95052524965628,-0.10722573712230919,1276.9753113820682,2.483619902698727,1.8489565431026251,5.6998676842209495,16.018631480725425,509.4724587164681,808
7.357861201766576,-0.10576208496561695,396.0577008152255,0.6983561991744318,1.123824393037382,4.8746611418951975,17.002126111510737,729.9495949477123,525
2.676933234668807,1.454979328555317,1372.8851706165726,1.3029886317225765,2.8172663484806812,8.762555765824459,12.216388539395934,2914.4239616203868,796
2.0142641046385616,1.0964733296708802,956.5632590083297,2.100141937398319,2.6917456051556563,5.7594725849465025,14.666588756700603,2726.769238736161,933
4.426169321942941,0.7553570194458863,1279.9400261850299,0.9080712692577977,2.2609294415485834,6.024463308561502,13.809755098790248,1313.5206037671862,364
7.899553178774205,0.36119316189640593,842.3296231374419,1.6101698986045725,1.826789246160334,11.1945848886438,11.750212210056132,3151.8723453974417,974
2.694386900580503,1.6052812979514597,1071.6496565406335,1.9661425920593496,2.6009290671896754,15.559522643798491,14.889043881719392,3981.3071343532047,711
5.70494883184115,0.44186825781432487,931.1567904623997,1.731970900520358,0.9005003907939646,10.45092080783125,18.365917202741084,439.1842673020016,441
6.331337307301023,1.459838654731785,1177.1758365846429,0.8760494692308323,2.4181725268322354,3.0777125389095277,11.320472952405556,2516.491243143593,931
2.6634628079467975,0.5539237805685242,397.8743484546769,1.2107691373714788,0.8870878721237511,3.0581705939569375,13.33168730795035,3386.362375067241,825
6.0975144402830175,0.40466663061977814,372.362148704686,2.0675835689707944,2.4266845238636323,15.319925091837924,12.660327489645628,1398.0192681670762,377
3.5744819290347727,0.6104314856070554,596.2767775781656,1.6084530282640332,1.234265406978121,6.162071064302671,12.90517322932557,1650.3576190838285,773
5.4261408141550564,0.22330689799394096,491.2940714557128,0.5104592270858255,2.6173083363418344,3.288937805154656,18.267476415035002,3042.0524586016963,538
5.434707975326263,1.2942625124230027,1345.2684963440497,2.0219815200561877,2.771296815798415,10.386624220105341,14.744552433874322,4335.605585169003,256
4.750422788523309,0.7065289362219499,562.8375708422951,0.5706227098804781,0.9422307296317659,10.731082896063725,14.73039530351855,3935.156112378192,521
1.6320283903808581,0.05731046835236151,1470.0624417271385,1.9914675654624643,1.664153891650405,11.079067481661633,17.084605139642257,2903.242496903105,350
6.847117469124666,1.6589789758589641,703.9380543335571,0.9049611203304748,2.8562709697741755,5.743628390005578,12.235937632039406,3572.5088157954838,977
3.245460454802151,0.4213389312957074,518.3593809107505,2.4161469602387604,1.711837102738237,2.2115495790026505,14.898122832800407,1909.942239445484,708
2.3056295727989795,0.8045268666735725,1246.8485100638325,1.235881502604169,2.5861593017834537,15.510215172362606,14.439881712968479,3166.3931528493476,629
1.2854259908833474,1.6755330663149126,1089.7906228255504,1.1538632326761582,1.9540825009020355,5.512502639675435,15.775285524373249,2371.126239630384,426
5.136250602317693,0.998171190193581,897.3366640273136,0.7977761006648894,1.4632587882150843,11.464368032735665,18.99646162600351,1114.2094208819021,994
5.742950532895977,-0.21944470229992624,965.8808975742198,1.1112084309804298,1.2573021777095015,11.892818178301933,17.155591152656378,3442.90914614152,196
1.1161148024949932,1.7555970966723402,1162.3229321484444,2.2533015236564014,1.0674131094980006,10.540103839112799,14.182925624139418,2781.9140999371402,612
4.584651408094967,1.006499327371403,573.9172348562272,2.4926686752544946,2.3521358401687036,6.380703518991075,17.620424418192375,1881.728197888841,315
2.585470426385566,0.30377347517700665,1494.6043653520335,1.2366190610136967,1.489043165692964,5.795347552696921,12.365666906499841,4396.59331485777,231
5.516209532866149,-0.16574702560787058,1468.777001413993,1.3972212619090851,1.7759335630617274,10.367355957837844,11.24370949047168,345.25023611163635,359
2.22056500303494,1.4056604542487103,1079.7404979299772,1.944141876405474,1.7323486040027183,14.12533887056368,12.635586979714184,1686.7678381852068,224
5.836564166717261,0.9881746142284324,539.251398664045,2.2723915609301493,1.9277417672362016,15.254272204927538,13.723292448914076,508.8103598882918,181
3.707147424103762,0.7803066207431716,1115.5936626751184,1.6860886683735683,2.59082743493647,3.4826812616526066,15.08464605967648,3737.6992888084037,382
7.557109921157141,1.6453421993222983,386.56589236603185,1.2830513963556587,2.855700490241887,4.167600576368078,15.921033124329599,3444.5889162177564,782
1.9626466090219528,1.3926333069388737,336.75235014476146,1.3252436816972475,1.5374436797197788,15.226307622963116,18.284845737715372,1757.6525952502425,158
3.3874644573518093,-0.1359802886413972,608.9617833249453,1.8912362929936137,2.503293520844497,12.311493196687096,15.07883207640366,3324.2662050421823,643
1.7943146486841235,0.24813296270931573,854.6849251304402,0.5064365272085574,2.3584139277058505,14.361913547616822,15.010205157005835,2051.5143791915716,260
7.472855327949939,0.09637393555471777,1341.0587339846481,1.7391786749196814,1.9191165883478183,4.836856877894804,11.401944078583856,3690.954750972076,383
7.1413754736668675,1.2854711021744247,1171.8757146498033,1.2109860208827148,2.798908430307446,10.226202195531625,11.27929242124979,2316.535665452013,205
2.8055913940060893,-0.4195221566341295,1190.5051189187773,2.0883946625541685,1.0610913857153264,11.81595432184463,15.409279695330977,2125.8727616340784,204
5.6198883222392535,0.8677352436911596,810.1665080032424,0.6859812796462643,0.8513076837121292,11.521566396257617,14.505428905986756,4503.021115471769,538
6.720555401408511,1.329900845777657,714.7760560638085,1.676404533896781,2.564112523997471,7.714123672133773,17.713443159842388,1391.4999045026861,327
4.886405681196236,1.6042375282281987,744.8754768185387,1.4619457797722475,1.610044578257621,2.2155284836783187,12.285436677694761,798.0353969843727,799
4.707554048492045,0.3209961969181779,1484.1918269195332,1.7846510518104548,2.548028364676239,10.160964795259684,11.199773296936396,2909.6711653305347,681
2.6929660363031616,1.4710175312128309,348.0909205035665,0.6297071889659367,2.654107471949454,5.543421548514523,14.592310143441008,4660.414245893014,417
1.6517193746412944,-0.23448383130750267,1339.5707638508159,1.6599675748562626,0.7436524653238643,8.303559446000465,12.89982845401806,1969.1684224586993,563
7.280510305673287,1.5314855001628436,993.8318148782997,1.6229691759190474,2.6319689548679395,15.406134211173443,11.3969149867107,532.2672745109559,901
7.302926400143313,-0.19402721040324222,825.899887608319,1.6213201888323419,1.631133827349671,7.586494446994086,16.796786294781032,1793.8389662585319,698
5.4317102009128755,0.4534894973448814,1169.5839348377488,1.7069753331929096,1.773994724709734,13.757222493301974,11.89274399965798,2551.9890271539907,981
3.3732085373409046,1.4135088778709286,883.5160607682187,1.8529358744527245,2.0411627755143833,4.639568480489515,15.866556000062173,986.7496801765724,973
3.4444670222886264,-0.14019817436294293,1347.234462459911,2.1099779993615395,2.7306799954791994,11.414446972350405,13.248398001335113,3244.365092157039,571
6.081689752091676,0.05020334855833954,1379.9415349494989,1.0396414402564287,0.6439670171884573,15.678097362145209,12.387968402840176,4789.759719996413,155
7.279771819668039,1.2334061641433591,805.643391321273,2.150098820360124,1.6967399771309792,3.4265034122211153,14.038012183354539,2305.414615715569,724
7.209604969855821,1.2280876877105784,631.9165288848268,1.4965113645269073,2.1817606975902892,2.116479191180688,17.41156620978363,1864.0149331224675,112
6.459128821003367,1.0387543189247135,1010.2280439834414,0.6541165582686623,2.2622260027059253,8.070159096856601,14.13674861523658,2073.2039590968234,539
5.494221523080014,1.16547626672104,1393.9236513944124,0.6171018584879584,2.1928245925353482,3.2967567627191405,17.006157193688445,773.9151116981652,117
1.588979754965342,0.8025386640342308,552.5839646177942,1.1684766373921216,0.9092007976386802,12.477380895467238,12.003890374393205,4268.894886489318,793
2.131400998662296,0.10431774137668659,1046.9369336926159,2.069793954222935,1.2886098532548667,14.803681293879825,17.182171357320634,2137.4567326221513,212
7.289879319689555,0.3296703844094066,1057.240703890932,1.9153618694818315,1.4250457084591308,8.076293617922623,12.89546659925319,2012.098571983028,328
5.24500341761713,-0.06416547967657842,1179.002513875922,2.0772299293448127,2.4502055776628615,5.621962990176174,16.419145039110983,3251.5907418336583,270
1.0643793613164076,1.6802813472007079,457.7496544675845,1.5345381128832187,1.241147706553472,8.081646466092536,15.52625243872797,2261.252065236612,394
1.7103008000622246,0.9001403074386891,1158.2741326538242,1.3803979959109811,1.0846214168945671,12.128269449900014,18.4331577376935,3199.4622830756994,288
5.644512383756391,0.4620434002327357,1389.9299922781036,0.7949050534125679,2.802130443787621,2.1267582621251937,14.098580143802511,529.5806200950832,525
1.0354310869235308,0.6088139287459184,515.4400475354201,1.156385507218623,0.6203855557609784,10.25235585278576,11.529321510675523,3952.441213936135,178
2.1256563599224907,1.7734800150683567,584.8144465837293,1.3680387323477505,2.8949879680685497,10.586083588423307,11.153243884410024,4529.2929856012815,757
4.841136525566103,-0.13195663252140755,1464.702717755926,0.6772008593592345,2.15668898737201,10.927635456543097,17.614868487782026,3201.882507025206,281
5.843266383848853,0.9069515968403133,516.9913662986783,0.9412239054224225,2.505479388732969,5.3883091197322805,15.197885101291458,4593.274976307589,598
5.5637288165182035,0.7141328293227183,1324.4077269501254,1.6964505881274776,1.2776246115962442,11.996738127293774,17.201952414679596,939.017030383333,897
2.5698851662239184,0.9674901650431548,890.2411498811937,1.9713262284783797,0.6329251386342379,3.2794808086448697,12.875404800092117,2422.243662135609,861
5.985254549432751,-0.45653555882998276,596.4300582094093,2.4966950227858993,2.297099892691519,4.789784710535211,13.760669964105869,2988.2206394517852,965
2.6607436124776003,1.5930973814659635,1344.0291316257412,2.366226662687115,2.518532573101554,14.284580653162747,11.240830977690552,2896.9017457663995,925
3.277797887114874,1.7370838779606697,833.9210007481959,1.785130399070383,2.303095103493094,12.342124110171929,18.691938596592898,2076.6510948551468,807
6.225439835826169,0.8563196406141014,917.2660073616985,1.342496106588144,0.9285556607919287,2.1924377561588333,16.342943253606506,1788.2840626164893,934
5.547430293330502,1.1719619773045413,730.7208099103191,1.7723547294164654,2.3328842211910286,5.477267645177203,18.46564070207445,827.0493026044055,170
6.944563873459246,1.7139985148255095,1010.948070870478,2.071303236160464,2.368522398847574,5.001690761904304,13.12397125943258,2032.4281500583656,347
5.603290246102404,1.1973727223521566,496.0651232294423,0.7366723818467746,2.114643186041126,5.791288592517616,15.891708889805287,990.1067087299574,245
4.9781602233483015,-0.13390629700577278,768.9067624454611,1.3198097793925765,2.3620666454298482,5.46583678391841,16.4279997463411,3591.3638280395935,717
1.6557233747966473,0.8830920644003516,1462.3253744800097,2.179604571271234,2.545619311258784,2.87536814039984,13.540397602060708,1200.1807565003844,874
3.5740106214160345,0.9561161113188541,609.501985808652,1.267665903866088,2.0112894627461544,8.425167232355484,17.78487388012504,516.472139044629,395
2.856416573772078,0.5179136111257264,1087.4272607850094,1.643744542454373,0.8037908421302618,12.258268647006311,18.577291703201983,2763.265927068416,681
2.7079275036535853,1.2674661654993347,689.9028870054092,1.6755387217243964,1.721543962234585,10.49424414604411,18.078840941568036,2958.295283873277,569
7.811073883267119,1.7424808354456356,1227.3942776982342,0.8689525062672787,0.7785934697446916,11.420203360373117,16.91253580751498,4217.2044288263,605
3.751684072667323,1.721364430976263,456.91751920130145,1.2244708833045768,1.537348971374591,3.1360884995073484,13.219717437799632,2875.2663365004523,292
7.244325886239793,0.582014491369917,1462.8154330491752,1.1690225774838643,1.5363449249889434,15.32086994247502,13.252928336845054,1821.937884441678,167
5.41797038198084,-0.2282286899821874,844.0936601189835,0.5523934170641296,0.7518226415225556,13.738885673802347,18.706882563568303,3903.7040609447586,593
6.563679124791539,1.863618877509603,583.0245055524102,0.5483835277827105,1.4022872281298024,13.271264458939278,11.082275967485536,2708.2689640027656,916
4.518459651736345,1.5133554074702418,388.1226000486852,2.1633940873515467,0.8552956272200241,13.521773270584745,16.728399785937157,610.7252950719225,151
5.038327192384513,-0.20080956511215958,503.53972819996136,1.0461416199456248,2.458940983021211,15.05794711385866,16.6499693004421,2824.620049425272,981
4.447623856732047,1.7100205182816934,923.2089643186652,1.5361575324776309,2.7796824597182828,9.619555525591768,15.98151632759838,4381.484381668563,462
2.3667009145863114,1.5877512689491078,704.0668085411123,1.097451147177546,0.7663278930932588,4.803948250146762,18.920870768694925,2053.2224460169036,896
6.057164806830537,0.745211337102573,1293.8311556932488,2.381358490230681,2.796764976770913,10.634970509935576,13.495035486109803,1598.2823986440903,573
2.9654065370859906,0.9190610457878301,816.6341408705053,1.0185935177315475,1.8019261784745138,12.400340911351146,13.719774910345986,902.7860294319912,945
1.1702117650201769,0.4576064892883126,598.2084128325682,1.3593136254778702,1.2890010592939098,12.330843506956356,11.631515223572444,939.0771248058758,620
5.518306071350175,-0.3685720668271248,1039.956838938232,2.2454605009692035,0.7767827731351761,9.30028633833632,14.5423850923499,2219.110253755276,862
2.239774755849343,0.30447337995016216,1147.4258830456495,2.1838671335836173,1.7514358165619608,2.9584220706700926,13.088388209878785,2960.3431999349596,530
7.5832100904704,1.4268482766352273,500.2832475732389,0.8722028356925546,2.4273857523287217,7.195581138021789,13.747093617421154,616.8000935216879,943
7.677500039018112,-0.4888831447889531,500.9754403296929,2.105286619591421,2.2262988977134057,14.890732518487003,17.67657432204502,4525.037080064504,397
7.40405073154314,0.300398012058746,343.96904089331804,1.4163737734757853,0.7155198263671396,10.182284736603965,18.483876108219967,3685.8579593756413,534
3.591110901788111,0.45560486461826394,1182.946016063703,1.4659377441707104,0.767674221346178,9.536647205579989,12.485864576041486,2919.138828190665,795
1.108196315702072,0.7897494470510149,1095.9016286185442,0.7669599448318876,1.5266085500550652,5.763949201350709,13.980071452427726,4019.3959527724082,790
7.498229938114077,1.707653479390625,869.0824200240269,0.6612030275142493,1.2791681363102694,7.158284878832105,18.429044496923154,614.8497434951155,297
3.9972890382212003,0.331230386478307,1312.1603683140675,1.9558786139475304,1.13448394302891,14.53484524814437,11.494467685513781,2419.616893685716,227
7.766583733305687,0.33268768455094644,1265.9985133871137,1.4929223047105995,1.2463103474900412,11.3304826653757,11.738884224891027,3116.9237272205687,631
7.74533983962477,1.270002995463396,1001.8398829117058,1.373701405230359,2.4480103095828345,13.02341837453266,12.302327913649835,4020.370722838216,510
6.971066188271521,0.5853230581355371,1341.057265335397,1.9590164573047935,2.7372245233532637,8.360835922947171,15.761702673014998,3814.786498224168,939
3.0611422444870997,0.03905157505595669,546.8036108340851,2.0310257979822195,1.5317361974134027,10.82346107238621,12.203778168047979,1510.6650861959683,164
3.6956841002134766,0.5858548387184641,434.1916236578757,0.8178163353387071,2.684055304904743,5.477370522404906,18.74461105160587,4531.004771494379,793
6.9579567006179985,-0.16194315108848034,623.4297842088705,1.7204502989552826,1.3394401128701283,11.876451623968808,14.573716218068164,815.7735785104601,340
3.2184540360939438,-0.07667123238506407,368.4471404510885,0.7707081645553711,1.6958050685907207,7.986418671846723,15.01214368280133,4231.857964726242,468
2.1864492268026474,0.6960826545747514,936.8722640732374,2.002750172058091,1.1198666949767992,8.195637207406438,12.973268926443252,4667.778135701014,635
4.897608837208451,0.5054210788109149,1422.9902250616587,1.813910312534279,2.073094897004441,11.090512544076343,14.767682019477867,1056.0485306629464,483
7.553083419125467,1.69563016256344,347.17290526154306,2.413229242166916,2.8516565649020604,15.107928700564973,16.29530906109609,3535.400592127223,530
5.872208576724811,0.3697453578799194,446.4097868980221,0.6379160327128424,1.9880341208997707,2.896088852520693,17.009417095632344,433.299110439893,182
4.990428190625555,0.8934120406673043,842.186634911839,0.6141094423025086,1.4229723934611622,13.546405322858107,17.030944661679303,2094.6738543831552,930
1.6802354563953799,1.0174342910068728,1419.716146015958,1.0643741493864003,2.089980125778215,6.093363545770703,15.623128901552708,2599.089011349417,796
5.305050586894188,-0.46857330418799925,679.0711698671239,1.023411367471812,0.8827175604703914,8.21487236308929,18.234878199950856,2891.935777888835,927
7.930376950729843,1.0924896928401053,908.1745356173825,0.9939575981439996,2.6439158846104167,2.306786602850125,17.539262778448876,4508.514479530946,710
1.9805881066556683,-0.0727136795125966,349.84585800142014,2.3125091610420734,1.7570930867936234,6.214645089680382,17.056384917589003,3308.7406271885857,673
4.628307566546157,1.8065687619266924,477.86349795354454,0.9990923996990122,1.6335044066911766,9.036837396821827,11.444844173443684,2439.8146780475286,385
7.141611503495688,-0.1432094533925289,1482.9695174276574,1.043899452257262,1.947489013443094,2.7864650828641464,11.055023697757195,3934.0214150097963,633
6.185380324279431,0.4950978969448569,1457.1773170268186,2.0187965248359276,2.0370028844156254,8.875340211364312,12.699578217563783,4574.924335342561,558
5.879110186966876,-0.29516079661125477,305.9230371403571,1.39947968490108,0.7650843543209799,14.979548804017982,16.30818875130762,350.40097650442334,311
5.917388587909765,1.8924982044302736,1441.2223307224635,2.053421113910362,2.1700196088138255,3.475505053509273,14.289579911060367,4720.471788764976,225
3.516438058538286,0.7052680247949822,1066.304805440785,0.6307323151287705,1.156442864725718,12.70217019305706,14.219250074394495,641.9012327397455,512
3.0551429098514538,0.928924041568105,1340.6340351295066,1.4751423873467686,2.2420910547651562,7.735394747263896,18.07669510583691,3955.459845672864,598
6.665528088349595,-0.33901645426777405,845.2330869049971,0.5672272003665653,2.4918300270836524,11.172432003340733,18.164502785054708,1525.5231241089268,524
6.670793762754265,1.2999051289580266,918.199638266521,0.625306406910709,2.4491045673707967,5.643312371793211,18.273402112428684,851.4174427801164,653
7.069506230060726,0.0037734234294058123,886.1270497280473,2.3128749066888217,1.8707522250381448,4.232891675579016,13.511024612120218,2251.343160697949,709
7.392683867895299,1.6553302946577129,1099.5702447977792,0.7784907422351903,1.7963907523147276,4.24647659979717,16.528446501914093,3180.0024364866417,642
4.579396792026564,-0.007664862843182814,467.44185445281914,1.5648413645504342,0.9286147110806469,2.986887239004025,13.173065450194958,1983.3308948568113,257
4.510614062810397,-0.042349470407200246,335.93833425734084,1.322191205201413,2.3832961459272117,4.5990538686174025,12.524878664595597,498.27260768628025,211
6.588066252767426,-0.4122807971645723,669.2079999678378,1.1946866525176854,1.224241575027443,11.299071389845556,12.477059658778954,2977.5481854471604,501
5.549747515444356,0.6329606682639981,1144.9122345212395,2.299666691374545,1.742399472481277,14.343668565809113,13.736860966908752,4355.93490630357,858
5.913768140803923,0.8556187198302794,542.0222890954151,0.543646793550979,1.2538304137332883,13.397759598276267,14.439660958238573,1993.6299150599953,221
6.570548686052708,-0.3422992653719543,1107.445487556576,1.8275793723511782,0.9078052348992942,11.591880338242778,17.647593368440546,1234.314138220263,372
7.230037392722964,1.3612662800680253,1462.9245432826172,2.426788868427101,2.047982702850994,3.546046087755437,11.959128747781698,2263.7269239943103,393
3.365966097960751,0.5878932033952662,412.58695823151265,1.6203363669236839,0.7249636800926788,6.048624248143298,16.879406779159154,470.050335271953,497
3.629080668479608,0.758536646386192,1106.4499397519264,2.3736449240661837,2.3218840384902597,6.337296254514566,15.251639313514442,3983.2185093852504,570
1.657873578886083,0.5578305926517475,832.0565129461808,0.6045157585720475,1.3304496291005683,5.499397249566697,13.30356274140794,4009.8506898233495,306
5.047960986973218,0.4618313461007823,1340.902562998629,1.3375866381483228,0.6003097939103162,9.210079235936124,14.942556676262598,2925.402108604809,209
1.2515959165771946,0.8431367951397228,512.4025975474157,1.0203155819241023,1.7755970202456284,9.497753408315416,13.39953655821618,1856.6181446696721,539
4.259186126927221,-0.12742340976629,1130.4585167191713,1.9616419299614596,0.7077593896134872,6.996403652395543,15.768655641906449,3889.0143082283143,377
4.798512442953037,-0.06337248681134933,1304.9002322880842,2.4625941809944933,1.2351899829880688,6.953048222310104,14.470751382841954,2773.8259627870707,667
3.005788764897991,1.5682854904324415,1432.5924491493538,1.0130601248884956,2.226045921148147,13.599778370685138,12.31524423263103,4007.9920039025737,986
5.135832823983075,1.7706771091207185,1119.2143859192854,1.808349202948149,0.7441861297302914,13.050099876475599,11.932664596445573,3123.137506252744,668
1.213501749573346,0.395942359071407,896.1125420461043,0.8961952655194803,2.530478532418805,6.309141643530439,15.37356545657704,3819.044903118228,581
1.261437321244501,0.14978721554452903,1040.7988410012554,1.6306605091432198,0.6087858221147411,14.79303821422563,18.219304266288827,2973.4616191408077,902
6.758203924617607,1.0455989037736377,1341.8170763899832,1.4278649733766724,1.1676948991643752,15.339410238035084,13.751661492461484,2134.341860381281,213
3.52133448987884,0.4809620106354313,984.1610862199568,2.444010659263074,2.304079329149764,6.574395588420572,16.864000857780987,4608.653662663926,992
1.8894235885631936,-0.43907274641517235,336.4340845765074,1.7170545453929331,1.3274213443774054,6.9619492831027685,16.269290839518135,2712.0679031987434,996
4.655702820383631,-0.12523376632114314,1416.2074859128663,1.1990127441736376,0.8343524925518311,9.078878147907425,18.452439314475846,3003.1573093594498,919
6.389954871690276,1.218333349233754,1126.7425744868417,0.7281915697758667,1.428538013240984,15.175691375471429,17.567848138393128,1253.218759337109,952
2.5107471924779023,1.0814174605843632,1111.1395495469185,0.8024936574698691,1.2219045586844086,14.26847206399236,15.532842071243703,3096.711091894108,576
5.360233330733002,-0.43496961799163963,558.5945077248629,0.9506338599024702,2.538237374969276,3.435951476170257,16.256243985872857,2850.8148051473945,809
1.597432254956376,0.03273318863907864,1090.003678808956,1.001933322680596,1.3207002104458292,7.498230405799827,18.18709173267228,1091.0147106589634,420
1.3617720481802538,0.05457951181137133,772.243422379336,2.2012321156822754,2.4145446850848167,9.747196656496806,14.196150276695478,521.1212929568039,278
4.719482420977036,1.112542584636948,1080.828339472749,1.6224455765650498,2.6513059330646898,9.04385461572156,13.614357646862219,2999.8349047022084,996
4.784445851270745,-0.45269470938952605,427.80504333928087,1.5467818227487329,1.5977800650260179,4.714082951116497,11.086488669081572,3724.7998255439584,318
5.462009310487446,-0.2501394032370228,1088.75652021904,0.7295377437384349,2.6928692308651017,14.023434796354167,17.612408593531715,2631.4762376951376,888
6.082639336058631,1.4197986048956543,1498.2970571990293,2.22027938669887,1.4678315241153435,11.477170961955723,17.407845603226917,1281.815445204388,627
7.830964556237742,-0.07149281106959934,357.80623459380666,1.9456286064169674,2.8173803579272487,13.73071724792525,11.83563614480121,3282.674993953309,591
4.614102438108367,1.0665906588444993,1471.6318468813595,0.6353367238000032,0.8053659064088177,14.02269991089261,15.614859049061602,614.4810560736902,990
3.260695310588722,0.07163867451214363,787.8826449067219,1.9156701944595373,2.180144312957458,12.476981951320356,14.7118535853351,2260.3433568488936,160
6.566303363380926,-0.2613406573775716,1344.0333869543738,1.5870764346852921,1.7357722930509358,8.148948417496042,11.949672764072892,993.3187507128118,153
2.8958257588345195,0.08361325839868979,1238.08019538587,0.6634506914935565,1.491592252547988,10.547654570215943,18.844545816485788,1089.2886823224692,779
4.072799944939453,1.233440636453582,979.8524969230147,1.416601283057313,2.055237321121782,4.245115685676404,12.717567099706844,1170.4374686698266,637
1.5491946693958618,1.5536715234550857,1185.4006018923405,1.469392574260094,2.2188713107589617,11.431035844648708,11.53787344072449,2009.5171095500993,947
1.1774552039082025,1.4925276749607796,1353.340158000316,0.8315490803265515,0.6100355201957108,4.509545580349931,15.758779036015277,482.7334355728092,164
7.738538902745475,0.45324047108429155,784.5642456595886,2.3913962940005646,0.983992104118557,11.715294267142195,16.91093341706426,2059.960156227397,711
6.851860843585441,1.1034043277695507,692.1127607143231,2.199950742961324,2.2400059164589328,5.2143742505555615,11.259547568377496,2578.268884371889,685
5.871819442655886,-0.008037691002029685,1100.444469290738,1.8380446746582166,2.132686451229875,3.6457182021030796,16.269741109816177,2448.9889965967795,803
3.8626706108998894,0.2035545526264318,1268.607284387569,1.4245911220012144,2.8219092617959576,4.313982862001404,15.258335007611635,1991.6676568338346,270
2.2130602404959205,1.6512059644506873,1213.9798765971623,1.323531083169017,2.3503869175768006,2.027889893066984,11.826120071000387,4068.117066721924,372
2.095059298697602,-0.4687953835742335,1256.5785649815027,1.8019469343019083,2.7867772277820775,12.062354649949423,12.380191015570897,911.2364505132937,988
2.7517002871521674,-0.29477952594927664,822.2643944607066,1.590863738813811,2.215843153530056,12.253614686817308,15.543794378528645,2550.9201842052516,798
4.844586652942843,-0.0010729876495344478,1280.583225193851,0.6245462117637712,1.2855200798707191,9.209066898785633,13.370860908106307,532.2884471523221,634
6.0021714589004365,-0.4363227107028327,444.1306573893595,1.5250052975406634,0.8423393211769699,4.2590792147753715,18.506525829210528,573.7583388944894,490
5.621381637024119,-0.06455495578448646,952.8424284550586,2.112807234465679,2.3981948856933517,3.1697607251496565,17.549921835872407,2861.0896160307884,792
2.9595372786215997,0.8992997463272612,306.90463393724775,1.4184797551939161,2.0815432093946065,2.2678055301220184,18.868537652109303,2825.3838332395853,426
7.684056964642359,0.5114189214219951,689.1784100504241,0.6039131551085368,0.7108278285045813,4.320474477513089,13.077366711603311,4245.0524834422795,207
6.16527841687038,1.6424121065847395,739.3873803108061,2.072556398768066,1.42811607157225,14.471977489764054,18.757789062383814,2788.325224253333,946
4.880478367579805,1.461864548172258,775.0110572394972,0.9027275642719488,2.800639575613858,5.381515783823545,14.449870958332463,4617.049142842068,261
5.282045223640465,0.3203616440749023,1133.8651808211448,1.0172416697760776,1.7509226351334628,6.959798581041019,13.780150362510037,471.5615602196805,913
3.9372004369945293,0.12261624023510194,765.8811634231446,0.8294127068645918,1.5952770128453206,3.474836782738665,11.402796215754826,695.9349657523719,551
2.7341169265081025,0.41126177960144056,837.9836535244143,1.160430129742995,1.652709091866376,5.113058266474384,11.42212206287682,450.4996701452353,305
3.491808750558831,0.9167078620355386,584.8154129183187,2.01350301137727,1.0804302652118765,9.269143990922872,16.53609004757324,1093.0096690176072,689
6.304922773250584,0.143352737974903,747.5288981635788,1.5387717190078747,1.448026492989029,10.508537563339136,14.663431955472223,2712.779004784635,115
1.100754420408291,0.9979573788379216,572.4962830885186,0.9097625483014251,1.4505704887705062,5.434932398326955,12.812173008288845,3187.3534254947976,426
1.8125084835484135,0.482587965258977,387.76191259836395,2.2556601563040815,0.7204165464311865,2.808250229151641,15.911762450601861,457.41246866644303,707
1.3220184941522692,0.8249132340447525,1023.5348634642721,2.259163709903058,2.3654055455912117,7.474460167783581,13.02286494600089,4554.167548797477,758
1.285101616232791,0.54670366992476,1101.1871454674645,2.241156850092014,1.5579601933789216,5.278847192968678,15.621054034755382,4081.8524637592336,101
6.98822408807705,0.2067178229006024,1042.7689248655279,0.9775924227630786,2.4910137396777734,5.073754925217227,13.873669975861523,1599.5867938147737,109
5.925605015660166,1.776287936709176,855.7293585168862,1.4024786883619762,2.555800402575759,15.438079237988374,17.58841781289455,601.2032625304292,533
4.319216803611276,1.332653905983426,755.3631504348965,2.46997931228175,1.0875863258069134,10.628206802960136,17.565569286134235,1022.9861831467106,224
1.6848391245570102,-0.1637283781605139,1335.1370458366184,2.0440249526199805,2.1119130089912956,9.796298204409343,14.81880318497921,827.5970825851257,180
4.441311125817826,1.5843231421549906,922.3790603783254,0.5543348424511196,1.6862481495748578,7.820851449326507,13.806552874680126,810.9411958102081,584
4.31430239546396,0.6698348757988327,874.5390712780475,0.6304091825209841,2.6243604972194157,8.00522066802202,13.900478372472756,2609.4556834290893,751
2.212413089370106,1.6469253445458194,330.7448369019164,1.4278627536246655,1.0962035621058444,9.572670053733132,17.445716205345743,1368.6058633449713,937
4.036961544665811,1.4196526142735564,709.1561453237615,2.3184404117231203,2.1589703607131017,11.750017298505501,13.625435862380897,1879.5357102076073,249
3.789533140781614,0.5205124107261603,755.8545469242426,1.5774035959054284,1.9978298811812618,11.830045346545612,12.672474989654768,4752.249266898667,899
5.310950686365516,-0.4460736600317182,778.1885142953837,1.4956250160685804,1.2791933984152153,4.4037147078762935,11.677506735002455,3363.6298326103188,972
5.445655556073507,0.14482566252387058,995.6266707035714,0.7109473999132612,0.9141820783976969,9.001578529072777,14.733544967075268,4567.862035063856,439
1.3171280684043116,0.7999221151860806,939.7894535255273,1.813560209448588,2.098771449097736,7.767413330477428,14.857056791358735,898.632325400676,228
3.6222883023852983,1.0203477275827535,1028.87820625934,2.1442063212004507,2.2987741537043602,14.187377527771378,17.727269683223255,1988.7346104881901,537
5.381019409999655,0.11893044503968546,1217.0950305890117,1.2608400150151247,1.325942890655705,10.83986489705727,12.769909571568512,2774.029704934712,850
4.521953810060614,-0.1655454222252221,1274.769900720596,2.051223701850655,2.0831149892513214,9.455056929823746,14.047930189347198,599.249181593758,600
6.995428888318256,1.5038325683183178,1161.0295683955667,2.428953307801623,1.5088010875064575,3.615524990504843,17.467245911149526,269.0528685072083,157
5.610855421332615,1.862565233688525,1445.6729114499667,0.9075329182553782,2.2403758315500206,10.478930450527761,17.58898888599179,3300.4762187759748,297
2.140540989570008,0.761656437526446,321.8608666289576,1.5466592623894826,1.0581951322563221,3.640854679523268,14.076888607830146,3170.278801446531,310
1.493981231803009,-0.08796971396407162,534.7378048345718,1.074275916169151,2.6474945060632007,6.720892057920529,14.672992186293447,2119.0890854982335,144
5.49693494744421,0.15353758364648545,309.0678870987924,2.0857088380676787,1.2610420718708333,3.9997875074006464,13.426287126794264,2477.8805459457485,196
1.1855791737913526,-0.45586237628607984,1076.322182271369,1.655186731762315,1.4459077718391515,11.689031058341165,18.460439027354496,2140.2656526940077,378
5.100429068914243,1.6943171357451976,1376.7386281910342,1.7691648351006075,0.7336114897848045,4.8875295937061365,11.949150125932643,359.2229540442443,634
7.581611689974703,-0.2173974010636613,591.9352735949828,2.095828319231788,0.8564780883389357,7.486031224632364,18.46999538401176,1775.940808289454,509
5.0283192451311525,0.8836395412342085,1411.5144192107716,1.2919409453249098,1.7864823762383546,14.539446886662901,16.470931614682748,1055.7242620576687,560
3.7171894834456536,0.15773252964929438,372.26060095718344,2.3301801368140866,1.2154631564743343,4.860429367585584,15.25257722149385,697.8300604112278,490
5.503017529096472,0.8300272060379041,1420.3887961398116,1.56605773449228,2.521604519207047,9.109270895422908,11.261272486275967,4603.077974196542,946
4.207770233440616,1.0634089320444742,721.5956020003216,0.815909645670696,0.6337947939063938,7.869803256324308,14.804769534576067,2977.0867489418533,143
4.819317525211544,1.4913803288972838,421.6035733106106,1.891798236337605,1.4719163119454532,2.2537365746402163,14.261984840021858,3565.386093276542,126
7.590253661435677,-0.004588947774552318,882.5602392644045,2.086522700876509,1.375894757568913,13.09861359001938,12.28975049580098,1684.9050318608347,893
3.70271846460542,-0.47361001121964685,607.875104696889,1.1335233541350533,0.6444535511104823,2.966642688404396,16.251276828005256,2038.8194391977693,196
7.7283339467674,-0.17147448783486255,641.5626094523454,2.2143585139975057,0.8860473177011735,8.63957029367735,18.769207258946288,1328.0041722300919,647
7.337454493692446,1.6600447404354521,668.4406679466176,2.312286509531533,1.551378152312861,9.8494961291453,15.497510488516202,691.1938028926826,720
2.370537943525075,1.5973361861500366,1262.8280515013635,1.0538089747556179,1.7335885442291272,10.797970392604219,16.718026211551567,1064.5939503592062,666
1.4855291061261582,0.9337914452087399,946.4543707336302,2.4670429454304443,1.5298664186861988,11.640842810310257,11.547603620528134,3878.6889060990106,803
1.7054460096419866,0.9412404650407681,673.2579312880483,0.7814230560975168,1.8211566603478158,5.545813369318012,14.341335966535958,3332.83341358618,318
1.127552779560848,1.0960880189110132,1031.7902061897912,0.9040313368049799,1.9688028522830674,2.1397028732182912,11.930867881315967,2738.52638573392,284
1.6611007252914987,-0.079108931303721,1158.664658393609,0.8684496784760523,0.6228247885940219,12.128211272968768,15.902366684292083,2411.658921543795,168
5.781047413914498,1.6945886702199033,626.8761768795069,2.287979420015741,1.6674188667430587,9.4991923908661,18.507857265713238,4447.075990635366,928
1.498320539221603,0.5050492597409755,795.8453727288965,1.8085851046499237,2.816048254041453,13.705647844901483,16.29422185977311,580.9440123929412,229
3.2328294120563292,0.4195324677987939,446.1414259110001,0.8042085664445457,1.7937742442979618,13.49943708060972,11.614424386515372,1526.7337002325175,666
6.914127176786182,0.7454024926788101,517.1980700920817,1.380646836736698,2.158347215155592,13.806566349030364,13.837329639880663,1842.217233746749,989
1.162903550150781,-0.3872816797398679,1116.6603069040143,1.730596050139604,1.3172868732088312,8.791325239713562,15.405307035526812,3810.0374455681845,708
6.701279378122551,-0.10091991498540943,517.5445788870567,0.6669281699787666,2.3801801697513536,6.670797541716119,14.225662049066017,4765.94152173697,947
2.9729834234137993,1.271280679423289,929.6708970168052,2.2648327368146774,2.3777194083150643,13.08181483627918,17.66915208380138,1345.0508421450465,698
1.8271537933515938,-0.30128319697969647,1150.1464678051968,2.1072070708830704,1.7989809096045195,8.318117582409569,17.517368037679915,4228.098370323717,905
5.877160157549055,0.9475650627193316,428.14543079059786,1.5104135471532765,2.844831793542191,4.568190749648084,15.89464816082577,4029.3335599646502,730
5.402599927459188,0.08883786323517026,980.2073513350554,2.434253230518341,0.8887654939541028,13.96963627386064,13.987663561061641,1272.191159270038,819
7.14230409468937,0.4343094737007437,607.6187776579352,1.3355219585501994,0.6389796292460362,14.35583827481286,13.042690990105953,2066.9632399064626,433
6.145497306627201,0.19286496824967966,1454.5493234098583,2.468220638072996,2.3713638870413205,8.528336585962382,11.846994545705034,2114.011555280962,253
6.62436651269394,0.3536145195158779,879.7712304171897,1.8358399976072541,2.45645773593923,3.0597961823370246,13.839181467892432,4700.90404179584,646
2.9742420079991456,1.225710172442189,1266.3850671804146,1.769342546507883,0.8764766269773253,7.429565258837037,14.305380137661757,1073.0581512739873,178
2.24207680645806,0.21309211749562001,959.7216240453579,0.83190979059157,1.210840515804794,13.249527232476447,16.406583400832588,3886.1687685267584,678
6.254303261486008,0.8593711367125532,352.0516268929282,2.263855516609288,0.6403704357432465,14.6248363996472,16.26527859438059,1770.5768494876502,954
6.647843174870848,0.6425209652778392,1059.1484993372328,1.3549793758412303,1.2746098047952987,4.8486183949663415,11.560865117130056,3575.4600732815297,512
7.933535994004713,1.0928107968703555,1440.7326073057818,0.8244668115649587,2.3782263100129444,2.9376305683538013,14.162074523449263,2161.050069545266,645
3.8883237383799854,1.748391374379419,1021.3325723554511,0.5252150399515181,1.7913092137389315,14.282906343859741,12.454230937738895,2881.536922180257,708
3.604126600549482,1.2581730333046006,1282.2074424527214,1.6195113672767651,1.4006198642870624,7.451669145704254,12.254501642534446,4038.3835686338966,268
6.434890725193978,0.015856908617816214,1360.163549554741,1.5547992442453527,1.4550003782845595,9.584653499745885,17.61841719789797,3908.953320676673,780
3.385624781771125,-0.4251604758529168,573.46764656677,1.9387072447383171,0.6031133391455767,15.552921368710624,11.33532173373006,4192.225485105636,762
7.515301279224953,0.12943370631958018,554.2417630499638,2.2805161060356043,1.2895412134000426,2.93190619079912,14.35346300721697,521.2588303181985,682
7.008889262901082,0.9281870336806115,1032.566205632339,0.658813169286059,2.08685510576724,11.076452104329338,12.345629246132145,3398.830016330839,614
4.002958191625129,-0.3765780476377992,792.823135298239,1.9629929806807247,2.840647220777621,3.0374759160481393,18.034641725427793,886.942564084021,413
6.256097474540482,0.6912789932829672,1306.9937021371977,0.8748238881951644,2.548239902062969,7.2565649985310055,15.456324106200281,2141.97448448377,131
6.281800118592776,0.9324228374005341,1379.1277249542154,2.216354106314328,0.654268418684717,13.253403632708254,12.851045091014784,2746.0772884988323,386
1.7218670818515283,0.30218533796070596,723.752233783959,2.1381270277233124,2.66668939075213,8.068611258578882,15.019418297331011,2082.46465559808,693
7.317870346756966,1.3501892889899725,584.007800210404,1.5815875099710888,2.4013563505868394,15.960552954641306,16.851890877624925,2614.2331249036843,142
4.536766607135,-0.2441641924789477,1235.8500927773903,1.920485597246623,2.394865084213255,9.826829989252431,18.66494407135547,4784.194705033717,716
6.785202262754192,-0.319669323834059,629.4924366222152,1.1287002263674968,1.6533902457082144,6.496270136903349,12.763568033963352,865.238777393489,100
3.240347207214282,1.247653014888648,1286.3145678979004,1.4423357978656293,1.5154121737953563,5.081558562666544,18.08945417703476,3323.3250062807365,672
7.268662599473403,0.6891791588948762,808.0621661248666,2.143273795420943,1.296706176316343,6.907287480006265,18.47443291333992,2051.804397054549,369
3.724411751139142,1.1521657514265664,1100.392329250473,1.4185303943464278,0.7510981755950412,7.215465832633711,18.33136435625653,855.194585028346,279
1.0758635603620885,0.5435856126489909,414.54684128776717,1.2155965306508836,1.1249413360355078,2.9619914881354537,16.083314854895278,972.2522733531084,835
7.337673834934845,0.09136487977385632,1048.007330287211,1.4884248945005998,1.1671883604494566,7.174038791974825,16.038565235477662,4569.192633417557,617
1.639006737502935,1.4658455624180793,841.6694468059377,2.1564985048744365,1.7133772603334636,8.499339276349149,14.225685065470582,4252.186810038517,202
3.235195463132904,1.4185981095255502,1003.3435473473935,1.1704160947417455,2.319122135172396,12.118328531343264,17.019183058430304,4377.040919888349,109
7.650433769355635,1.1672715300506242,501.4490350860912,0.8475231862714876,1.689762605315277,11.194212786102511,15.250352146807455,4761.474130014609,682
7.654250028562893,0.15314832935191044,1183.5116201880744,1.9240280406615615,0.7330422337284693,11.92271917320816,16.419504569826355,1197.8350245387567,189
5.014065216863003,0.916553600485809,1334.493695974331,2.151956425416164,2.8029165422728686,2.1170915462759994,14.427663230790364,1867.248985006481,325
5.422860485188595,0.36633735265606426,559.87102030884,0.7012749570470667,2.768265933916458,5.047343594127504,16.85197171234511,3294.9465861581434,769
4.1391186538482385,-0.28020302401607805,414.7617520686739,0.9797482255118894,2.4059359492413392,11.263580037597992,17.59577214083639,2451.301556365945,839
3.0524754018864515,1.7015525811093826,328.34266466955734,0.7839439795219878,2.880054173597707,8.77585115451646,12.171490052822529,2153.6723768714173,225
3.3006518175894115,-0.17163528579449264,1069.723829031476,1.1958828231643333,1.8523093654406046,2.0743886593568432,17.663437724593823,1878.0411844769483,308
5.707629192539269,1.7805696491699257,1027.905749270448,1.4007019578108253,2.8143672055823736,13.262924994045513,15.322372254322458,2951.7018753427074,196
6.26662170606376,0.5704138550990937,955.49019784417,1.997652673926613,0.7738915934185268,12.819334026064723,17.757327272721795,2868.9501003123733,173
6.54105330608094,-0.055680970787312864,578.1045682430545,1.8022951697633482,1.441065721001154,9.677868281909877,14.450413650728116,984.6331449922924,726
6.527326999561877,0.8005622737080595,768.6962890907121,1.7418571349568623,1.1183769164155613,2.9304865608678097,14.03232388306428,2396.416260708898,290
1.6384427213408326,1.5950700061033798,1012.7771258882215,1.2047498932193088,1.050416093508821,12.731210693456186,18.32048586013778,2768.296581754817,781
4.4609421329180705,1.2573397273829467,895.6234637721441,2.1828951061695197,0.923846782453155,10.171990228239096,13.00935414038721,2844.8055712278265,918
1.40291132011651,1.4357467548674792,1484.35483873765,1.4425743347963291,2.031551375601792,12.947439680211428,17.753698602289145,1205.9877277512007,815
4.846702176266149,1.0810800801057217,463.591263315523,2.458209876030309,2.3970402682188015,12.524457893541765,14.872164580075232,3627.334834747905,155
4.090713509613639,1.161463754842846,1133.478320303065,1.7682842765914737,1.9300863186668293,13.24202900740972,15.112763540410079,364.65588143586683,819
7.213929279308099,1.5380695637567663,784.7782029570462,0.7525294831290055,0.9380142320528821,9.252112929664747,13.467746251915873,1864.48494272139,652
3.456405087864551,0.09920322126204624,813.4113382958121,1.852355124150868,2.465584670846983,3.96454325470921,15.584337604952125,3799.9675508371324,131
1.819469114993241,0.674619912743537,1160.3997210241532,1.150208030863398,2.0626958264765753,11.396204627315642,13.60168957020969,2815.7127908020807,626
2.000941774369851,0.030902660367045323,1130.2309454379192,1.8726543933721949,1.4927811240920896,10.686632990727588,11.314155313933218,1438.2890679244142,673
6.3305744220223055,1.8704032191919526,1488.5159364489239,0.6392822963248115,2.1504996797329445,12.39154462078722,13.175988842754847,3412.036693010867,766
5.327526443213827,1.7657424152478718,453.94475305549616,0.8497628743519188,1.1977814522585155,4.3783340847102945,11.051032347252725,2831.6287959101337,383
1.7078587328595316,-0.40537565271558584,424.8274696116154,2.2114745178115727,1.3939420795366841,4.729652798604049,18.826838296454852,3872.9084230265616,820
1.588747642804982,1.1933804140376523,1168.4822417373607,0.9543591140470298,2.710217439203577,14.465733241070598,18.72597767855798,3594.3645971636965,931
5.90678392021384,1.7205959617975979,993.4859134906845,2.1740822504858803,1.2681603630442668,12.49968917832899,14.16124237977844,3025.991045264868,593
1.5093410445493547,-0.06661917169439954,628.7186392052072,1.0585521769088209,1.6809730167632542,14.71519884180452,16.82696683471717,2471.2084226642037,286
6.753020415032493,0.8630685533263107,395.22382341779496,1.7857638201174153,2.6473246160108337,12.62201449629489,13.7664487872834,855.9786717872315,597
5.943695590095474,1.6971719142113004,402.7042412661202,1.888301147019662,2.227759105615313,10.360174283864225,16.36874525668781,1439.065231378496,541
1.5694414644932984,-0.41852965139408277,1372.1348587222778,1.5253095062901059,0.7430674201788163,11.15785831839023,17.443440344367833,2156.902601772738,229
1.5938639985963434,1.1738086413924158,530.0489223377728,1.1106213533934626,0.9387970018416317,14.447790935160139,18.574049957537927,2976.8117558790686,738
7.906477049508228,0.21363761769412182,687.7225029765094,0.9252887527421922,0.6180356587754087,10.103294563167168,14.201698206797376,2587.370741229637,391
3.6198955702928424,1.7185508689036728,571.7610262701586,0.5663787091248524,2.0511201175270757,10.853478540597424,17.266383863648382,1561.2395931158592,213
3.5944950294682365,1.8305397883968826,725.6405706924928,1.1078928024814476,1.629648878443962,4.190674024050408,13.127427605056951,279.412827943183,298
6.689596970802518,1.7662395738722414,383.23918745256594,1.806325581062566,0.9088321570752337,8.634897081625438,18.922658430349188,2507.8884596487032,112
7.630740041687011,0.638114119977913,922.3526892990162,2.3766096368969656,2.803248478430572,12.029559567413386,11.20615679011481,1549.598247958206,370
7.902007446760097,1.568902362374352,381.0674637470657,2.242408964526104,1.8182173650749256,5.793197776429116,15.828230452008967,3592.4677682329348,700
6.273647296812591,1.5269185564841687,1259.6274528790116,2.032129553070605,1.156354576459645,4.831558527343489,16.276047853210617,358.9555069806999,314
3.6338170987164102,0.26584113578381346,580.2207862106092,2.0768946865065976,1.7513882136558272,6.393575315141818,16.50436445659303,2910.9665414413485,543
1.5845050168906814,1.4893971379616255,947.4742856108082,1.8299698069519905,2.1631267652907478,5.381008791899668,11.963100630312713,4533.707780652598,889
6.440028411492057,-0.4111816766828177,1355.2148259861885,1.020573715132006,0.7753502013391983,5.008776918509541,18.508238267785043,1043.5621653573228,611
4.9088297481506356,0.9310477083569273,1080.4019654875858,2.3143900614116597,1.2318187746101514,7.947911800153217,12.449466232400663,2396.005182915209,546
3.969554064728834,0.052021209490487295,939.0163860750511,1.841464623811668,2.456020629033185,14.709739194369478,15.982027225918728,665.9700627679787,814
7.344480695663152,-0.21063947413453088,688.8761699853353,1.62088126196088,1.6572292019261208,9.098835054342056,12.781408632984679,3096.8527007891544,173
1.7783823761430595,-0.315312316089898,699.2692937567793,0.7219789384269621,1.857127426674278,4.630885331414523,13.457731336170166,2754.9191467128267,636
4.448375730036014,1.1710930621075353,1102.71485928263,1.3941110876128509,1.5954768050817791,3.077603371332237,15.371668333824996,2103.513135168387,200
1.0794755133719334,0.3156999130433587,1491.9730941041798,1.4207165424038526,0.7009698680789117,11.746186031930954,14.337547348516612,2622.2654477055225,275
4.280624493958884,1.2394402516690275,1093.545188629405,2.22912721904534,0.9812244935863585,7.35918270210943,12.281804807812051,4329.414696033997,526
1.3941229297728615,-0.34314478208253835,968.7823174266599,1.593296440375577,1.624745769106349,13.505633252195029,12.367491219366787,1143.139075515355,216
1.8317254138765033,0.2566968107934648,1176.049961776856,1.2608010979408193,1.081126570438234,11.233150760970783,14.345158305302398,352.6685282593299,265
1.8226837274397343,0.7947791017008092,857.781529128178,2.453600657021319,0.7149517659172611,13.147380307579159,17.058263826204005,4170.57522538091,140
5.544472114812445,1.3977355956135125,372.11066877834145,0.7214411866526313,2.5403942273191946,5.8072445518582825,18.18371717478231,2875.8827248649745,528
6.222314154857963,0.26500600703696775,974.1938822376138,1.3450968566238892,2.8567428170774662,11.693024914454814,11.673021298075064,4302.495972351383,443
5.083581355680117,1.0021393034488217,1448.1927161219508,0.5840493503428106,2.4242286101925004,5.696867785712063,14.144831260475208,2966.1007665299353,523
7.735207839321793,1.626346595766849,510.1882278868339,1.9798082415338607,2.563705319920734,15.146958712304082,11.801964509783012,3936.2329593166464,465
3.6240940566659283,0.978071651637531,1127.3158640939782,2.336153104398301,1.1565473997292044,10.909239941467241,11.132739845060783,2205.0138032659233,219
2.999984603973025,0.05910273940872102,540.9194927022087,1.0600746591009789,2.809442043680359,6.543165202454789,16.293749461151652,3661.862687361623,708
7.080193897326222,-0.44143812426430873,942.4573936832245,2.216683353598242,1.0529291202428852,5.773166072091817,15.819595535732702,4404.3386743488445,756
2.5651708696361686,1.5882372973622316,415.91506312641684,1.0844364609237955,2.788288563832214,4.672972191003009,12.30415291051909,2853.1594849360386,827
7.742557776084279,-0.44895341395907085,839.994752573564,2.3215403232878304,2.8880843761216872,11.72497342451219,12.870502664744514,1072.5724350588268,328
1.0850813228287144,1.5992840144420786,1206.6398313454001,2.007923807193568,2.236962453215912,5.062018581970982,11.189662029156146,1473.0291483874016,924
7.789151786953473,0.7694491216653088,716.7382575625395,2.1098135536828773,2.85663058312119,10.334245722984846,17.67957764555523,1153.8328248831963,229
1.3021193836540328,1.7537624764309507,1097.2291576601745,0.536013111200909,1.9099414930043384,5.704890376955003,18.797524768388413,1373.1994755605847,451
7.238001795886498,1.4170797658567968,1253.7445029868852,2.425620714148052,1.1969461013050078,11.26756522711416,12.083676294357527,1644.1902945472154,988
4.693907763604099,1.8950418652800098,1411.6862055558638,1.9533419841406465,1.6050905370309279,13.40915619956755,12.851801710122384,2775.8587297270074,417
7.950753572835103,0.34170835708410435,581.3358561446888,1.1095021907722666,1.9651901513712076,12.892353404025144,17.947276191575472,2925.361914060439,748
1.516575953147792,1.3412518934347044,778.7797830553604,2.1587893297176937,0.7680875926621344,12.651918633030943,18.411710383649478,2190.5738499504682,935
4.876979990809246,0.46463419266218114,482.7467999831705,1.06304239682986,2.031389508619666,4.628113679691529,14.357019062454484,3050.1645481848013,436
7.7851177493336925,0.6517014887293812,1489.987719087892,2.245507679132256,2.856709024553277,3.2373892577832617,11.404979778152594,621.165911531715,372
4.661684909191042,1.0060131117240882,1411.47416054123,0.725160780823874,1.0372475945025734,11.785283598823398,11.315134669542555,649.4364786146278,216
5.405790466946838,1.596825074047213,947.4085992063909,1.9073719549215915,2.4229687674632814,7.156860993120919,15.591598928552084,1031.824044627346,917
5.87024082289232,1.8618003260783083,1309.5979199573292,1.5813969532898207,2.688167225693124,8.052847169646862,14.143160871145433,2607.2526160835687,467
4.181787453374413,1.3438561932748436,924.6286147491786,0.6930689403908816,2.7705136634865077,2.436087299107475,11.229219420621236,1223.6757880773268,193
5.392906560588444,0.502640277201601,1047.679239915309,0.983787656517678,2.8083118901325284,5.634070289850689,15.666019138500454,1538.9440358912268,267
5.090200183461702,0.5112568054649684,406.86019410710395,0.5248080725546296,1.7993571690593853,2.4714696542424965,11.09042029271218,2071.423404587123,814
7.308106073436923,1.2701975238133396,1205.5692341756726,1.4375359309290117,2.8478081883804585,14.308600816417467,17.298975665194185,3943.9908642472283,440
1.318124662390205,0.07306514984392558,453.1284668786466,1.1025305215200008,2.341813476409209,5.407553565059427,13.451462581626974,313.07271840351353,760
2.9667423271456124,-0.23486212848465282,1290.4550886727816,1.6967149685955176,0.9718443033450123,9.802720374022112,11.322064024073857,3204.6736320766317,794
7.652880388535911,0.35109317833786363,1237.6516771167926,1.0944756154172344,1.6968702448763309,2.5457104892558258,15.706817767865227,3293.3882162351183,251
7.231846487236414,0.18937357996979612,1149.7848925938288,1.0998382230139694,2.252161703355609,11.335863478279213,14.181475315464438,3883.883800622696,685
4.18959726949999,0.2111394890943762,343.35629624918977,1.9863863974632068,1.1688827263838917,6.522382840557314,18.790403306857197,4494.025872724425,976
5.340928184610757,0.06065860251978383,663.450898778449,0.5962856719567069,2.0734149221624407,14.57086861740732,15.353589300029618,341.6272127192687,373
2.941668280867929,-0.3989763448727315,615.4719713231005,2.3057899903839747,2.133181101807224,14.433654645076501,13.201913448296066,949.7158600851336,653
2.3168481180663294,-0.45710255663980687,731.8035525583514,2.204527748782363,0.9742094107597015,6.554068657064469,16.675510917071797,4282.079387954768,595
4.245888834579875,1.8705337353664757,405.0836533698424,1.835609366452813,1.8996962186413393,14.61345253966655,13.17193602034169,2336.25945795092,823
3.4734655961823697,0.5266555209660696,1423.4124298142442,1.6864431402147686,2.3747418952507977,15.946207428982904,18.23394633126052,2818.887407147259,200
5.0855927829561045,0.422383953183236,964.0088866141391,2.2846049962793042,1.7474600284326662,13.555819297735272,13.99777576405901,3266.7737769403207,656
1.544142458754894,1.1311534784633677,666.3236484789702,0.8706603590574289,0.627837168585047,13.828198868573207,15.398948502209642,3339.75305045515,181
7.820763653663166,0.02380933087615398,775.9808389720658,0.6579383243816572,0.620788478882372,5.4861223055272585,11.40458483059383,4489.418835090112,628
7.90347521135722,1.7799068414805408,836.1958460652979,0.9790203398190762,1.421167491131028,10.073833584008588,14.408969903617846,4786.119849223097,172
5.887131998138216,1.387228034597325,1020.1126056993801,2.0891565574003805,2.7302463573930984,2.94158279554315,17.65890831728796,3526.716447235778,113
4.752674564408843,-0.2854135944505772,918.2996338081008,0.5693405334529666,1.1259565930883002,3.328851115503376,17.445190442906735,1556.8565018834363,532
3.166693314004294,0.502193861883828,1402.3509758840864,1.6656136701669793,2.0590364844048805,15.984496568466069,12.794548470828211,4252.873430439264,256
6.696565137948641,1.6098839381491952,895.8592160040905,2.49087503238262,1.1107745025946372,6.572949491962753,12.808632568084501,473.9551611604653,834
5.793118207877155,1.7673568534993847,1489.597459773152,2.211392187675079,1.3398409762169619,12.47457476868385,17.538442497705894,1301.4178805789577,231
2.138318575414239,0.6217636269996873,1320.8585243363698,1.542891378087179,2.550496806083413,13.29331074237543,18.443187361354603,4333.105014459903,437
7.376490291456897,0.9721873341056985,550.0041067144456,0.6272818185732847,2.2763813172208778,14.012325794101208,11.762887370184028,1415.6713906990651,503
6.757760700462183,-0.09911852937901948,1415.7836623580556,2.1627470287714194,0.8194183378203844,15.96679616363019,14.600469115409801,1253.9623212789556,475
7.648599393043468,1.8788047027287436,439.52331106468586,1.697957016354421,1.5860146482687971,5.38095079359615,13.699634231713832,878.470083788125,987
6.08003655871852,0.05601208332026413,1280.1222004809388,0.7298659941191337,0.6670904563841082,2.564911576035796,17.965507643659514,4158.95849729347,658
5.293906371550529,1.7625562579243015,756.3673288784195,0.6877145696467124,1.7060473371869205,7.756681251924204,11.66819931744015,2525.2650793194443,206
3.927701254034332,1.0591519575816843,1352.6912102136384,2.319253638873185,2.1235982269124563,3.8211293776052573,12.6890075404643,3320.764073896404,719
7.529099383478092,0.9585683077092618,1340.799971438833,1.8384005258761569,0.8725560342757486,2.3139624482687715,17.019746700691954,1337.752047541385,364
7.062447226502859,0.7304524264396206,1266.3045547410277,2.1585735986335113,1.2644353594910809,7.045975579980805,11.410350791849725,3699.083915601035,304
1.3165306907433258,0.05360754812262083,1247.2464931321665,2.257957800564535,1.5150242386549608,12.97233551505331,14.940283045714313,3708.025229577548,178
1.184568821480764,-0.0763327231867802,665.3102877785509,1.6435447040966444,2.7149213567089143,9.926529677150992,14.53685627743776,1672.3210133327657,254
3.6352435681463473,0.02916690176842083,397.0222203784514,1.5348927035100826,2.884486535472817,6.378891848944956,13.67520943190999,2118.605980196787,882
6.6738733154728305,-0.05254817085378917,783.1732343394286,1.3608548206419804,0.7032959876899164,11.160788076898076,14.15657852255139,1204.0907623074138,346
7.910932905204612,1.3710027365602078,508.0558934688239,1.1338931755822386,2.3503182240394014,5.24825452432335,15.239524695441863,4693.352656119215,630
2.0529182377246973,0.3403006220001522,1133.2463555940517,1.3691919217174235,1.4549653527253894,2.2013402450091903,12.290938867107066,3187.491725615773,957
5.158915007464946,-0.36117757624784874,714.9735721188049,2.0477593114603128,1.502653828327804,12.700947410109983,15.575967026268742,4502.174657255596,637
3.6662359964171505,1.8258463123379471,1469.756630831038,1.7038468620302631,2.334809438698152,10.732403188096127,17.44345863439989,1630.404223512556,828
7.789400784702222,1.6210861239122216,1068.525520737053,2.285046579909692,2.7123807939344395,12.672236743013439,17.081287438321272,3807.6036541358485,253
6.894832461949961,1.726605479668511,1286.1541957975987,1.3867600287583755,2.787135767355861,2.5451322336273186,12.23119923755019,3734.6568296755763,253
6.868300932977965,1.8877787743514447,458.89708261747626,1.714179157437508,1.9273819478881378,13.719674789629131,12.193995757931791,3397.033215992764,785
4.280852118564792,-0.08265140187323052,1333.5553642448745,1.7626151061839774,1.4213786663911563,10.673366800508246,13.145394941959307,4643.657337463942,191
3.903736516363656,0.450980845366381,1406.3858714255598,1.683394324612651,2.411362897475192,9.887534909976962,13.888597810728298,2040.6767792837356,532
2.9138495035149434,1.319772341689819,883.9872406639041,1.9052675461710327,1.1773031815032906,10.744596673603443,14.267644651267862,844.7638223333956,437
1.3946284765564898,1.1704494833291013,1026.897272363422,0.9748669367496126,1.8973702663170908,14.102065456157098,16.43757773466676,3306.2753095604767,579
7.053056633785372,-0.13064982478434786,1217.0069512826915,1.5247275550915813,1.4247304615072083,10.217111091824698,11.453443457326683,3568.359592171288,792
6.690307063910543,1.4579994999774826,509.63151408523464,0.7084496056166953,2.110251469528115,10.13330531843451,11.277381633808531,2866.5256092376067,230
7.998023713002914,0.03865737240798557,902.5767256796674,1.269022655289625,1.1529174996550657,15.869508198920721,14.135284503551272,1191.021413756953,549
7.976457859517337,0.03716227557429537,777.9969702990035,1.4753341372425288,1.0406637751900991,12.594222338959952,16.577309537103844,2545.274534595567,909
4.888021939218392,0.7887386149441925,475.5024166025367,1.804448519090945,2.711949899353505,8.192113276315894,12.54748274365186,1670.4633013895389,886
6.3829119062635735,0.9230558436200875,740.6737723275462,2.4010621051724073,0.8341484707839348,11.903558000460988,16.132035850050013,2194.9727031584353,372
7.6133601091769965,0.8922068988107468,381.7385989532068,1.7013021330967117,1.7637031877903426,7.449226603685039,13.078625103522395,3185.7445200932207,687
6.94753173474188,-0.28043159024538833,330.9484764324349,1.9871878323531196,1.1079614008149206,5.204256474768986,18.08868887050813,3640.7270792432973,276
2.7314367122023837,1.6059060703129129,462.0643806966325,1.5125321189904055,0.6895389156490351,10.355926276428631,18.16551955413293,1306.6223436011112,795
4.1538089471706545,0.13744010221289454,1454.7750187954193,1.7682080627526626,0.6828432820702807,14.994549373595321,13.378297634250611,2094.2303909436378,930
1.9041159060604649,-0.18916418892127,958.8859135381254,0.6418644322675469,1.0030100758434028,15.007953280216478,12.839950031705925,1474.6851480119128,742
7.678357190811057,1.632995391685545,1458.0207712227107,1.008783161683694,2.5935718153638003,6.7866738934768644,14.29043177652985,1153.7738430715044,974
5.24322244115616,1.793563595751408,818.5649561178283,1.2237061864102774,1.2497011111471612,9.38748452710373,12.924252681441189,3814.4118509810646,148
2.600499638524239,1.5691062814370813,673.8675435692262,1.4449867100130271,2.78605609232318,4.962902579978056,16.37907074633363,4387.099759688315,666
5.701904790840997,1.4428385793397074,906.8640935454526,0.5912974910047675,1.937731273875145,15.938835532984369,17.608517476386282,1934.556444864824,765
5.326897683205271,1.072580753533652,826.9745146708592,0.7800481951066354,1.604212636468162,15.7356507101511,16.384737047289736,3668.3191059006394,454
3.5071390262298836,0.8220576894619342,426.69195642983095,1.0536286155826116,1.9342043197397454,11.093125015904263,17.594803577994796,4331.32856660807,811
1.7949031453974031,-0.2912317762126157,1068.3507513135573,2.4430653818021013,1.7884062860204157,13.261796835484628,14.175937297659793,4099.8651579125535,407
5.7010123691495975,0.48028771136967685,559.02978082901,1.1626940142061015,2.345185383641848,12.0114022579718,12.250535765670886,1081.8009178534778,967
4.642153906326553,0.3944524408295535,1042.8859579224977,1.464082116224165,1.2497409517375602,10.304215066552555,16.903607579180736,4601.128060885794,984
6.406228742149475,0.12340908102478287,1079.591109785386,0.8921954254767859,1.4120159006806954,2.7468719578445677,13.883796041132431,1963.8778039540541,729
4.641144507783954,1.2362082728526038,482.27779890124907,1.7215601421515365,2.6564168958264767,8.366700795737255,16.37016660183306,1793.5450083409553,874
6.965270502229781,0.6901017641890499,373.55820290569113,1.0613664310319486,2.7768499802459323,11.447008230343748,13.165151535854125,534.0625391139005,145
4.863347871421399,-0.30548908182164497,1236.1331416960593,0.9139851568768536,2.652883923218891,11.485442594371586,11.64983707845338,2462.090126177218,401
4.926565800747704,0.028439684679547186,851.3007080994149,1.5331452568919581,1.5647303861018211,7.2237166579133705,18.940654363902105,746.0119511662256,967
7.1365752186084155,1.1398210327830303,369.73839081106547,0.5110115983208416,2.394840656915828,15.183687813212428,12.249612063444793,1380.8561852197884,507
3.824380063486779,-0.3172859372232796,1492.8447142865507,0.5153280652984507,1.695572186592527,4.342998451314934,18.907367951707847,1692.0889290411303,288
1.938106599154485,1.5428965937170447,369.2788926346436,0.9381376182037156,1.7443416599360348,9.005032247017848,18.81823946053158,3930.1597718871626,921
1.2014787341933728,0.6883516648335384,1133.3472394014052,0.5734427250016423,1.070764250831753,11.672375671711519,17.350544831264315,4233.473359301329,929
6.285960789715333,0.6534077855839552,1479.431031390833,0.7160515082613828,1.9595996974945877,11.759901282485329,16.27538369665598,1626.221744449687,228
5.342166859474252,0.9217786831828422,586.7769449548948,1.1777212986775032,1.0281125648327003,11.080945394763418,15.622456402008677,4157.076451662811,660
5.928558376694565,1.479234318220358,470.5569930559482,2.105171359159626,1.3625988078545457,5.854034988326042,17.92881236302268,4150.400765032549,636
2.4907491305623752,0.3347420989652633,445.54054236749226,1.6440972867386017,2.5665694637258505,4.186891961612708,13.315516172955903,3729.1618242511745,365
1.9546003291073883,1.1272387661417524,663.6269019335471,1.5253354519128328,1.076274361184967,10.903164575573951,14.741449699879016,917.462768769076,217
1.1018126596751734,0.8577567135898985,421.1539274017654,1.0869776464162433,0.7636640558988954,10.390229625952129,15.955119754932015,3390.968953398317,563
3.454112911646179,0.14086784840661115,1129.9014486912642,2.363507438865633,0.7587174630094775,4.510984144049374,14.289523806955929,4549.859493841588,243
5.129423807982431,1.608711967252379,374.6878659579452,1.2940300824743833,2.763804397157148,11.871948037987886,14.419891632722145,3355.5591783905647,541
3.7457083156981263,1.4138224518566274,910.7971316515979,0.674185533591543,1.7659170073122195,8.37240788427119,13.642277340016676,1758.8566634406445,299
4.062324454166103,1.0802844031802212,1495.0395277697191,1.7341330322356026,1.541647765179142,11.348648282444142,15.513854533476287,2527.6358943102823,256
7.329110861456239,1.5413961498261806,1275.9503531377165,0.7276767869532028,2.465020736318212,13.723139116782109,17.804596224120928,3188.048947247294,586
3.4377882691631023,1.5815060823035256,1037.648106438982,1.1904462856033842,2.5223996341941866,4.376198000076924,12.612227024050503,2573.0953597146913,959
4.5979264241186755,1.2000711441160834,667.1980913231474,1.5148238774356177,1.3640393761658904,2.2680281519557135,18.475464310027533,795.7858848759126,233
6.485571089188001,1.5088319880728127,1048.0511077136746,2.2484450493703516,2.195321532189729,12.907436209541014,16.512701229985836,1669.8914031666939,247
3.775799476248891,1.1739315080062807,931.9227152300703,1.4870931606802373,2.373582476459339,10.535763952136623,17.586185701440243,3900.901939019028,435
5.3546069015951145,1.132337852224721,810.8739772845554,1.9045175320633285,2.105696579791695,11.794953974709705,15.449525541040092,4169.452109734604,170
7.036545961227216,0.9846673077164423,456.7217417114992,2.4856336779981407,0.9486686720402285,13.734169649840997,17.236133611392507,874.7151488558445,332
7.646644365603494,1.306519934938339,1363.0384540733196,0.7629782397959632,2.614531092089231,13.239353087543007,11.129603178715737,4583.359723414197,433
2.0295143665032658,-0.11934774729662313,839.2917939367657,1.049463051039039,1.83991747129282,15.452882057003546,17.547043398236283,1746.1429112111725,910
7.486113376130461,1.6140898220774282,533.3523916730973,1.2891521511952928,1.2496865806510085,9.503091103929656,11.321110872682933,3263.527511224776,765
4.444814051556767,1.5924244665885567,740.9434617018702,1.3436563570776627,1.5780248265066958,8.838938857238675,18.1193070109029,3670.804414102899,189
2.8077107180927086,-0.42980652071705805,796.5415732821835,1.3220421505310915,0.6864135079174869,7.626420798470221,18.935701977909147,3944.3553676023694,433
